Techstack,Links
"TypeScript, Java, Platform Extensions",https://example.com/typescript-java-platform-extensions
"AI/ML, Generative AI, Cloud Computing",https://example.com/ai-ml-generativeai-cloudcomputing
"Distributed Systems, Networking, Data Storage",https://example.com/distributedsystems-networking-datastorage
"Security, Natural Language Processing, UI Design",https://example.com/security-nlp-uidesign
"Mobile Development, AI/ML, Cloud Computing",https://example.com/mobiledevelopment-aiml-cloudcomputing
"JavaScript, Python, Data Analytics",https://example.com/javascript-python-dataanalytics
"Blockchain, Smart Contracts, Cryptography",https://example.com/blockchain-smartcontracts-cryptography
"Microservices, Docker, Kubernetes",https://example.com/microservices-docker-kubernetes
"Big Data, Hadoop, Apache Spark",https://example.com/bigdata-hadoop-apachespark
"Virtualization, VMWare, OpenStack",https://example.com/virtualization-vmware-openstack
"Deep Learning, TensorFlow, PyTorch",https://example.com/deeplearning-tensorflow-pytorch
"Frontend Development, React, Angular",https://example.com/frontend-react-angular
"Backend Development, Node.js, Ruby on Rails",https://example.com/backend-nodejs-rubyonrails
"DevOps, CI/CD, Jenkins",https://example.com/devops-cicd-jenkins
"Business Intelligence, Power BI, Tableau",https://example.com/businessintelligence-powerbi-tableau
